"read.id";"region";"percent.identity";"region.length";"length";"mismatch";"gapopen";"qstart";"qend";"sstart";"send";"e.value";"bitscore"
"009ca692-534f-4a35-b2cf-2771cd3a07c7";"c4_D4Z4";99,476;3298;191;1;0;31;221;3108;3298;2,05e-97;348
"009ca692-534f-4a35-b2cf-2771cd3a07c7";"c10_D4Z4";98,429;3310;191;3;0;31;221;3120;3310;4,44e-94;337
"009ca692-534f-4a35-b2cf-2771cd3a07c7";"c4_D4Z4";94,214;3298;3353;63;86;222;3498;1;3298;0;4996
"009ca692-534f-4a35-b2cf-2771cd3a07c7";"c10_D4Z4";93,546;3310;3362;80;88;222;3498;1;3310;0;4879
"009ca692-534f-4a35-b2cf-2771cd3a07c7";"c4_D4Z4";97,388;3298;1838;25;18;3499;5321;1;1830;0;3107
"009ca692-534f-4a35-b2cf-2771cd3a07c7";"c10_D4Z4";96,73;3310;1835;31;19;3499;5318;1;1821;0;3029
"009ca692-534f-4a35-b2cf-2771cd3a07c7";"A_pLAM_4qA";96,708;241;243;4;2;5322;5562;1;241;1,55e-113;401
"009ca692-534f-4a35-b2cf-2771cd3a07c7";"c10_pLAM";95,473;241;243;7;2;5322;5562;1;241;1,57e-108;385
"0155002d-c4e7-4895-88e4-91e27e8d5732";"CLUHP4_201_exon1";100;191;191;0;0;6909;7099;1;191;7,54e-99;353
"0155002d-c4e7-4895-88e4-91e27e8d5732";"A_D4F104S1_4qA";100;489;489;0;0;8837;9325;1;489;0;904
"0155002d-c4e7-4895-88e4-91e27e8d5732";"B_D4F104S1_4qB";99,387;489;489;3;0;8837;9325;1;489;0;887
"0155002d-c4e7-4895-88e4-91e27e8d5732";"c10_D4F104S1_10qA";97,342;489;489;13;0;8837;9325;1;489;0;832
"0155002d-c4e7-4895-88e4-91e27e8d5732";"c4_D4Z4";98,344;3298;2717;21;14;9329;12030;591;3298;0;4747
"0155002d-c4e7-4895-88e4-91e27e8d5732";"c10_D4Z4";97,582;3310;2729;30;17;9329;12030;591;3310;0;4641
"0155002d-c4e7-4895-88e4-91e27e8d5732";"c4_D4Z4";97,657;3298;3329;19;40;12031;15331;1;3298;0;5661
"0155002d-c4e7-4895-88e4-91e27e8d5732";"c10_D4Z4";96,77;3310;3344;31;42;12031;15331;1;3310;0;5505
"0155002d-c4e7-4895-88e4-91e27e8d5732";"c4_D4Z4";97,975;3298;3309;25;30;15332;18609;1;3298;0;5701
"0155002d-c4e7-4895-88e4-91e27e8d5732";"c10_D4Z4";96,874;3310;3327;38;31;15332;18609;1;3310;0;5507
"0155002d-c4e7-4895-88e4-91e27e8d5732";"c4_D4Z4";98,22;3298;3314;16;36;18610;21896;1;3298;0;5753
"0155002d-c4e7-4895-88e4-91e27e8d5732";"c10_D4Z4";97,149;3310;3332;28;42;18610;21896;1;3310;0;5565
"0155002d-c4e7-4895-88e4-91e27e8d5732";"c4_D4Z4";97,422;3298;1668;21;19;21897;23554;1;1656;0;2822
"0155002d-c4e7-4895-88e4-91e27e8d5732";"c10_D4Z4";96,824;3310;1669;23;21;21897;23554;1;1650;0;2761
"030e9574-382a-4f4a-ae41-10671b6d371d";"c4_D4Z4";97,241;3298;1812;13;26;29;1819;2385;590;0;3035
"030e9574-382a-4f4a-ae41-10671b6d371d";"c10_D4Z4";96,909;3310;1812;20;25;29;1819;2386;590;0;3003
"030e9574-382a-4f4a-ae41-10671b6d371d";"A_D4F104S1_4qA";98,569;489;489;2;4;1822;2305;489;1;0;859
"030e9574-382a-4f4a-ae41-10671b6d371d";"B_D4F104S1_4qB";97,955;489;489;5;4;1822;2305;489;1;0;843
"030e9574-382a-4f4a-ae41-10671b6d371d";"c10_D4F104S1_10qA";95,91;489;489;15;4;1822;2305;489;1;0;787
"030e9574-382a-4f4a-ae41-10671b6d371d";"CLUHP4_201_exon1";100;191;191;0;0;4039;4229;191;1;2,78e-99;353
"05d75827-20bb-49bf-a6b0-7a6ab4bee1ec";"CLUHP4_201_exon1";96,354;191;192;2;4;6620;6807;1;191;3,4e-86;311
"05d75827-20bb-49bf-a6b0-7a6ab4bee1ec";"A_D4F104S1_4qA";93,915;489;493;14;14;8509;8989;1;489;0;730
"05d75827-20bb-49bf-a6b0-7a6ab4bee1ec";"B_D4F104S1_4qB";93,509;489;493;16;14;8509;8989;1;489;0;719
"05d75827-20bb-49bf-a6b0-7a6ab4bee1ec";"c10_D4F104S1_10qA";91,684;489;493;25;13;8509;8989;1;489;0;669
"05d75827-20bb-49bf-a6b0-7a6ab4bee1ec";"c4_D4Z4";89,358;3298;2772;121;125;8992;11652;590;3298;0;3325
"05d75827-20bb-49bf-a6b0-7a6ab4bee1ec";"c10_D4Z4";89,053;3310;2777;132;122;8992;11652;590;3310;0;3286
"05d75827-20bb-49bf-a6b0-7a6ab4bee1ec";"c4_D4Z4";88,578;3298;3397;155;169;11653;14922;1;3291;0;3908
"05d75827-20bb-49bf-a6b0-7a6ab4bee1ec";"c10_D4Z4";87,918;3310;3410;165;173;11653;14922;1;3303;0;3786
"05d75827-20bb-49bf-a6b0-7a6ab4bee1ec";"c4_D4Z4";91,271;3298;2589;76;106;14927;17422;1;2532;0;3391
"05d75827-20bb-49bf-a6b0-7a6ab4bee1ec";"c10_D4Z4";90,544;3310;2591;92;106;14927;17422;1;2533;0;3286
"08519026-c2e7-40cc-8259-b558ee5fd603";"CLUHP4_201_exon1";95,789;191;190;3;4;10302;10488;1;188;2,12e-83;302
"08519026-c2e7-40cc-8259-b558ee5fd603";"A_D4F104S1_4qA";98,975;489;488;4;1;12226;12713;1;487;0;872
"08519026-c2e7-40cc-8259-b558ee5fd603";"B_D4F104S1_4qB";98,361;489;488;7;1;12226;12713;1;487;0;856
"08519026-c2e7-40cc-8259-b558ee5fd603";"c10_D4F104S1_10qA";96,311;489;488;17;1;12226;12713;1;487;0;800
"08519026-c2e7-40cc-8259-b558ee5fd603";"c4_D4Z4";96,277;3298;2740;40;43;12722;15434;594;3298;0;4438
"08519026-c2e7-40cc-8259-b558ee5fd603";"c10_D4Z4";95,742;3310;2748;51;47;12722;15434;594;3310;0;4366
"08519026-c2e7-40cc-8259-b558ee5fd603";"c4_D4Z4";96,544;3298;2633;32;44;15435;18030;1;2611;0;4303
"08519026-c2e7-40cc-8259-b558ee5fd603";"c10_D4Z4";95,867;3310;2637;43;43;15435;18030;1;2612;0;4205
"0deb746a-5fdb-4330-91b6-0906aabce0d4";"A_pLAM_4qA";99,585;241;241;1;0;8404;8644;241;1;2,51e-125;440
"0deb746a-5fdb-4330-91b6-0906aabce0d4";"c10_pLAM";97,925;241;241;5;0;8404;8644;241;1;1,18e-118;418
"0deb746a-5fdb-4330-91b6-0906aabce0d4";"c4_D4Z4";98,426;3298;1842;13;13;8645;10482;1830;1;0;3227
"0deb746a-5fdb-4330-91b6-0906aabce0d4";"c10_D4Z4";97,771;3310;1839;19;14;8648;10482;1821;1;0;3149
"0eecd75d-c756-47c1-a3c4-5e0423e436bc";"A_pLAM_4qA";99,174;241;242;1;1;2474;2715;241;1;9,19e-124;435
"0eecd75d-c756-47c1-a3c4-5e0423e436bc";"c10_pLAM";97,521;241;242;5;1;2474;2715;241;1;4,3e-117;412
"0eecd75d-c756-47c1-a3c4-5e0423e436bc";"c4_D4Z4";98,799;3298;1832;16;6;2716;4543;1830;1;0;3256
"0eecd75d-c756-47c1-a3c4-5e0423e436bc";"c10_D4Z4";98,141;3310;1829;22;7;2719;4543;1821;1;0;3179
"0eecd75d-c756-47c1-a3c4-5e0423e436bc";"c4_D4Z4";98,702;3298;3313;15;19;4544;7843;3298;1;0;5854
"0eecd75d-c756-47c1-a3c4-5e0423e436bc";"c10_D4Z4";98,044;3310;3323;29;22;4544;7843;3310;1;0;5744
"0eecd75d-c756-47c1-a3c4-5e0423e436bc";"c4_D4Z4";98,118;3298;425;2;5;7844;8265;3298;2877;0;736
"0eecd75d-c756-47c1-a3c4-5e0423e436bc";"c10_D4Z4";94,954;3310;436;5;8;7844;8265;3310;2878;0;667
"10f9a258-0b89-4cfb-809a-95b98089ed0e";"CLUHP4_201_exon1";97,409;191;193;0;4;7547;7736;1;191;2,81e-90;324
"10f9a258-0b89-4cfb-809a-95b98089ed0e";"A_D4F104S1_4qA";99,796;489;490;0;1;9462;9951;1;489;0;898
"10f9a258-0b89-4cfb-809a-95b98089ed0e";"B_D4F104S1_4qB";99,184;489;490;3;1;9462;9951;1;489;0;881
"10f9a258-0b89-4cfb-809a-95b98089ed0e";"c10_D4F104S1_10qA";97,143;489;490;13;1;9462;9951;1;489;0;826
"10f9a258-0b89-4cfb-809a-95b98089ed0e";"c4_D4Z4";91,885;3298;1257;43;48;9954;11174;590;1823;0;1701
"10f9a258-0b89-4cfb-809a-95b98089ed0e";"c10_D4Z4";91,806;3310;1257;38;49;9954;11174;590;1817;0;1690
"11c4a41e-95f9-4e59-9ff4-543566a073f0";"CLUHP4_201_exon1";94,375;191;160;2;5;884;1037;4;162;6,09e-65;239
"11c4a41e-95f9-4e59-9ff4-543566a073f0";"A_D4F104S1_4qA";83,164;489;493;36;38;2701;3158;3;483;1,58e-115;407
"11c4a41e-95f9-4e59-9ff4-543566a073f0";"B_D4F104S1_4qB";82,556;489;493;39;38;2701;3158;3;483;1,59e-110;390
"11c4a41e-95f9-4e59-9ff4-543566a073f0";"c10_D4F104S1_10qA";81,542;489;493;44;37;2701;3158;3;483;3,46e-102;363
"11c4a41e-95f9-4e59-9ff4-543566a073f0";"c4_D4Z4";87,133;3298;2759;155;171;3169;5787;593;3291;0;2944
"11c4a41e-95f9-4e59-9ff4-543566a073f0";"c10_D4Z4";86,472;3310;2772;161;177;3169;5787;593;3303;0;2844
"11c4a41e-95f9-4e59-9ff4-543566a073f0";"c4_D4Z4";86,198;3298;768;41;57;5797;6517;2;751;0;771
"11c4a41e-95f9-4e59-9ff4-543566a073f0";"c10_D4Z4";86,104;3310;770;38;60;5797;6517;2;751;0;765
"145e5c23-3cc5-4755-9a60-8a3f833fd172";"c4_D4Z4";96,578;3298;1695;25;23;38;1716;1621;3298;0;2778
"145e5c23-3cc5-4755-9a60-8a3f833fd172";"c10_D4Z4";95,436;3310;1709;35;25;38;1716;1615;3310;0;2684
"145e5c23-3cc5-4755-9a60-8a3f833fd172";"c4_D4Z4";97,983;3298;3321;27;31;1717;5020;1;3298;0;5725
"145e5c23-3cc5-4755-9a60-8a3f833fd172";"c10_D4Z4";96,827;3310;3341;38;38;1717;5020;1;3310;0;5520
"145e5c23-3cc5-4755-9a60-8a3f833fd172";"c4_D4Z4";97,712;3298;3322;27;33;5021;8317;1;3298;0;5668
"145e5c23-3cc5-4755-9a60-8a3f833fd172";"c10_D4Z4";96,883;3310;3337;37;36;5021;8317;1;3310;0;5524
"145e5c23-3cc5-4755-9a60-8a3f833fd172";"c4_D4Z4";98,099;3298;1841;11;16;8318;10145;1;1830;0;3184
"145e5c23-3cc5-4755-9a60-8a3f833fd172";"c10_D4Z4";97,495;3310;1836;20;17;8318;10142;1;1821;0;3112
"145e5c23-3cc5-4755-9a60-8a3f833fd172";"A_pLAM_4qA";97,942;241;243;2;2;10146;10387;1;241;1,57e-118;418
"145e5c23-3cc5-4755-9a60-8a3f833fd172";"c10_pLAM";96,296;241;243;6;2;10146;10387;1;241;7,33e-112;396
"21c705bc-4ce3-4920-b195-adf2e4e81740";"c10_D4Z4";98,647;3310;739;2;3;34;772;1320;590;0;1303
"21c705bc-4ce3-4920-b195-adf2e4e81740";"c4_D4Z4";97,852;3298;745;2;4;34;772;1326;590;0;1275
"21c705bc-4ce3-4920-b195-adf2e4e81740";"A_D4F104S1_4qA";99,387;489;489;1;2;775;1261;489;1;0;885
"21c705bc-4ce3-4920-b195-adf2e4e81740";"B_D4F104S1_4qB";98,773;489;489;4;2;775;1261;489;1;0;869
"21c705bc-4ce3-4920-b195-adf2e4e81740";"c10_D4F104S1_10qA";96,728;489;489;14;2;775;1261;489;1;0;813
"21c705bc-4ce3-4920-b195-adf2e4e81740";"CLUHP4_201_exon1";98,953;191;191;0;2;2993;3181;191;1;4,69e-95;340
"23f3b02f-4f62-48ac-a99a-53b1c1edaf3c";"CLUHP4_201_exon1";100;191;191;0;0;6893;7083;1;191;3,58e-99;353
"23f3b02f-4f62-48ac-a99a-53b1c1edaf3c";"A_D4F104S1_4qA";97,336;489;488;9;3;8816;9299;2;489;0;826
"23f3b02f-4f62-48ac-a99a-53b1c1edaf3c";"B_D4F104S1_4qB";96,721;489;488;12;3;8816;9299;2;489;0;809
"23f3b02f-4f62-48ac-a99a-53b1c1edaf3c";"c10_D4F104S1_10qA";94,672;489;488;22;3;8816;9299;2;489;0;754
"23f3b02f-4f62-48ac-a99a-53b1c1edaf3c";"c4_D4Z4";96,645;3298;1878;24;24;9302;11163;590;2444;0;3083
"23f3b02f-4f62-48ac-a99a-53b1c1edaf3c";"c10_D4Z4";96,425;3310;1874;37;24;9302;11163;590;2445;0;3062
"25e9549a-ca2b-4e1c-a454-742d84e25e1f";"A_pLAM_4qA";97,881;241;236;2;3;8255;8490;233;1;1,2e-114;405
"25e9549a-ca2b-4e1c-a454-742d84e25e1f";"c10_pLAM";96,186;241;236;6;3;8255;8490;233;1;5,64e-108;383
"25e9549a-ca2b-4e1c-a454-742d84e25e1f";"c4_D4Z4";97,344;3298;1845;20;19;8494;10326;1828;1;0;3109
"25e9549a-ca2b-4e1c-a454-742d84e25e1f";"c10_D4Z4";96,692;3310;1844;26;20;8495;10326;1821;1;0;3035
"25e9549a-ca2b-4e1c-a454-742d84e25e1f";"c4_D4Z4";97,388;3298;3331;21;45;10327;13624;3298;1;0;5609
"25e9549a-ca2b-4e1c-a454-742d84e25e1f";"c10_D4Z4";96,502;3310;3345;35;51;10327;13624;3310;1;0;5454
"25e9549a-ca2b-4e1c-a454-742d84e25e1f";"c4_D4Z4";93,229;3298;192;5;4;13625;13809;3298;3108;9,84e-76;276
"25e9549a-ca2b-4e1c-a454-742d84e25e1f";"c10_D4Z4";92,188;3310;192;7;4;13625;13809;3310;3120;2,13e-72;265
"3e32dc8e-eb61-4d7f-95f1-23042433cb94";"c4_D4Z4";97,318;3298;2759;22;39;33;2757;558;3298;0;4638
"3e32dc8e-eb61-4d7f-95f1-23042433cb94";"c10_D4Z4";96,323;3310;2774;32;40;33;2757;558;3310;0;4494
"3e32dc8e-eb61-4d7f-95f1-23042433cb94";"c4_D4Z4";94,303;3298;1843;48;44;2758;4556;1;1830;0;2769
"3e32dc8e-eb61-4d7f-95f1-23042433cb94";"c10_D4Z4";93,641;3310;1840;54;45;2758;4553;1;1821;0;2691
"3e32dc8e-eb61-4d7f-95f1-23042433cb94";"A_pLAM_4qA";96,281;241;242;7;2;4557;4797;1;241;6,27e-112;396
"3e32dc8e-eb61-4d7f-95f1-23042433cb94";"c10_pLAM";95,041;241;242;10;2;4557;4797;1;241;6,32e-107;379
"42cc0575-868a-4bb0-82a6-0265c2259e4a";"c4_D4Z4";96,156;3298;2159;25;40;38;2157;2729;590;0;3474
"42cc0575-868a-4bb0-82a6-0265c2259e4a";"c10_D4Z4";95,833;3310;2160;31;42;38;2157;2730;590;0;3435
"42cc0575-868a-4bb0-82a6-0265c2259e4a";"A_D4F104S1_4qA";95,519;489;491;10;9;2160;2640;489;1;0;774
"42cc0575-868a-4bb0-82a6-0265c2259e4a";"B_D4F104S1_4qB";94,908;489;491;13;9;2160;2640;489;1;0;758
"42cc0575-868a-4bb0-82a6-0265c2259e4a";"c10_D4F104S1_10qA";92,872;489;491;23;9;2160;2640;489;1;0;702
"42cc0575-868a-4bb0-82a6-0265c2259e4a";"CLUHP4_201_exon1";98,454;191;194;0;2;4366;4559;191;1;9,14e-95;339
"460cd329-5414-4f60-a68a-34c35bddf3b5";"CLUHP4_201_exon1";100;191;191;0;0;1117;1307;1;191;1,04e-99;353
"460cd329-5414-4f60-a68a-34c35bddf3b5";"A_D4F104S1_4qA";100;489;227;0;0;3029;3255;1;227;1,01e-119;420
"460cd329-5414-4f60-a68a-34c35bddf3b5";"B_D4F104S1_4qB";99,559;489;227;1;0;3029;3255;1;227;4,71e-118;414
"460cd329-5414-4f60-a68a-34c35bddf3b5";"c10_D4F104S1_10qA";97,357;489;227;6;0;3029;3255;1;227;1,03e-109;387
"4622bfab-3fd1-4c40-81aa-6702d3b994f3";"c4_D4Z4";97,179;3298;1347;11;21;37;1368;1964;3298;0;2252
"4622bfab-3fd1-4c40-81aa-6702d3b994f3";"c10_D4Z4";95,95;3310;1358;16;27;37;1368;1966;3310;0;2167
"4622bfab-3fd1-4c40-81aa-6702d3b994f3";"c4_D4Z4";97,44;3298;3320;33;35;1369;4658;1;3298;0;5613
"4622bfab-3fd1-4c40-81aa-6702d3b994f3";"c10_D4Z4";96,61;3310;3333;47;43;1369;4658;1;3310;0;5469
"4622bfab-3fd1-4c40-81aa-6702d3b994f3";"c4_D4Z4";97,935;3298;1840;14;20;4659;6484;1;1830;0;3166
"4622bfab-3fd1-4c40-81aa-6702d3b994f3";"c10_D4Z4";97,278;3310;1837;20;21;4659;6481;1;1821;0;3088
"4622bfab-3fd1-4c40-81aa-6702d3b994f3";"A_pLAM_4qA";98,765;241;243;1;1;6485;6727;1;241;2,7e-122;431
"4622bfab-3fd1-4c40-81aa-6702d3b994f3";"c10_pLAM";97,119;241;243;5;1;6485;6727;1;241;1,26e-115;409
"4622bfab-3fd1-4c40-81aa-6702d3b994f3";"DUX4_end";99;600;600;4;1;15657;16254;1;600;0;1074
"50b6f27b-b231-4053-a2fd-92767c75e60a";"c4_D4Z4";98,137;3298;2201;12;19;29;2220;1118;3298;0;3810
"50b6f27b-b231-4053-a2fd-92767c75e60a";"c10_D4Z4";96,796;3310;2216;30;27;29;2220;1112;3310;0;3661
"50b6f27b-b231-4053-a2fd-92767c75e60a";"c4_D4Z4";97,502;3298;3323;31;36;2221;5516;1;3298;0;5629
"50b6f27b-b231-4053-a2fd-92767c75e60a";"c10_D4Z4";96,585;3310;3338;44;42;2221;5516;1;3310;0;5469
"50b6f27b-b231-4053-a2fd-92767c75e60a";"c4_D4Z4";98,422;3298;1838;17;10;5517;7350;1;1830;0;3223
"50b6f27b-b231-4053-a2fd-92767c75e60a";"c10_D4Z4";97,766;3310;1835;23;11;5517;7347;1;1821;0;3145
"50b6f27b-b231-4053-a2fd-92767c75e60a";"A_pLAM_4qA";99,17;241;241;2;0;7351;7591;1;241;1,11e-123;435
"50b6f27b-b231-4053-a2fd-92767c75e60a";"c10_pLAM";97,51;241;241;6;0;7351;7591;1;241;5,21e-117;412
"5b440c49-0fb3-4c24-b1ef-332dd34f479f";"c4_D4Z4";95,608;3298;2937;47;64;31;2917;394;3298;0;4634
"5b440c49-0fb3-4c24-b1ef-332dd34f479f";"c10_D4Z4";94,58;3310;2952;60;65;31;2917;394;3310;0;4473
"5b440c49-0fb3-4c24-b1ef-332dd34f479f";"c4_D4Z4";96,526;3298;1842;26;33;2918;4733;1;1830;0;3013
"5b440c49-0fb3-4c24-b1ef-332dd34f479f";"c10_D4Z4";95,976;3310;1839;30;32;2918;4730;1;1821;0;2946
"5b440c49-0fb3-4c24-b1ef-332dd34f479f";"A_pLAM_4qA";97,154;241;246;1;4;4734;4978;1;241;1,28e-116;411
"5b440c49-0fb3-4c24-b1ef-332dd34f479f";"c10_pLAM";95,935;241;246;4;5;4734;4978;1;241;1,29e-111;394
"5d3cfbf1-30e7-4803-a8ac-3ac7f4ce306f";"c10_D4Z4";97,553;3310;1757;19;15;34;1773;2339;590;0;2985
"5d3cfbf1-30e7-4803-a8ac-3ac7f4ce306f";"c4_D4Z4";97,497;3298;1758;17;16;34;1773;2338;590;0;2977
"5d3cfbf1-30e7-4803-a8ac-3ac7f4ce306f";"A_D4F104S1_4qA";98,783;489;493;2;2;1776;2268;489;1;0;874
"5d3cfbf1-30e7-4803-a8ac-3ac7f4ce306f";"B_D4F104S1_4qB";98,377;489;493;4;2;1776;2268;489;1;0;863
"5d3cfbf1-30e7-4803-a8ac-3ac7f4ce306f";"c10_D4F104S1_10qA";96,349;489;493;14;2;1776;2268;489;1;0;808
"5d3cfbf1-30e7-4803-a8ac-3ac7f4ce306f";"CLUHP4_201_exon1";95,833;191;192;6;2;4000;4190;191;1;7,82e-86;309
"6179984d-757a-4505-b6f8-93205915dc4c";"c4_D4Z4";94,631;3298;298;8;7;155;446;3003;3298;1,46e-129;455
"6179984d-757a-4505-b6f8-93205915dc4c";"c10_D4Z4";93,581;3310;296;9;9;158;446;3018;3310;6,82e-123;433
"6179984d-757a-4505-b6f8-93205915dc4c";"c4_D4Z4";93,98;3298;3322;69;93;447;3696;1;3263;0;4905
"6179984d-757a-4505-b6f8-93205915dc4c";"c10_D4Z4";93,197;3310;3337;78;95;447;3696;1;3275;0;4767
"6179984d-757a-4505-b6f8-93205915dc4c";"c4_D4Z4";85,032;3298;1884;139;108;3733;5528;2;1830;0;1784
"6179984d-757a-4505-b6f8-93205915dc4c";"c10_D4Z4";84,513;3310;1879;146;110;3733;5525;2;1821;0;1724
"6179984d-757a-4505-b6f8-93205915dc4c";"A_pLAM_4qA";95,51;241;245;4;5;5529;5770;1;241;1,94e-108;385
"6179984d-757a-4505-b6f8-93205915dc4c";"c10_pLAM";94,694;241;245;6;5;5529;5770;1;241;4,19e-105;374
"6179984d-757a-4505-b6f8-93205915dc4c";"DUX4_end";94,059;600;606;13;20;14673;15261;1;600;0;898
"651df600-306b-4efe-b892-5ef64dd6c6f1";"c4_D4Z4";96,346;3298;2627;41;32;33;2620;2611;1;0;4268
"651df600-306b-4efe-b892-5ef64dd6c6f1";"c10_D4Z4";95,669;3310;2632;50;36;33;2620;2612;1;0;4170
"651df600-306b-4efe-b892-5ef64dd6c6f1";"c4_D4Z4";94,578;3298;2748;53;63;2621;5311;3298;590;0;4161
"651df600-306b-4efe-b892-5ef64dd6c6f1";"c10_D4Z4";93,947;3310;2759;61;71;2621;5311;3310;590;0;4072
"651df600-306b-4efe-b892-5ef64dd6c6f1";"A_D4F104S1_4qA";97,374;489;495;5;6;5314;5806;489;1;0;835
"651df600-306b-4efe-b892-5ef64dd6c6f1";"B_D4F104S1_4qB";96,768;489;495;8;6;5314;5806;489;1;0;819
"651df600-306b-4efe-b892-5ef64dd6c6f1";"c10_D4F104S1_10qA";95,152;489;495;16;7;5314;5806;489;1;0;774
"651df600-306b-4efe-b892-5ef64dd6c6f1";"CLUHP4_201_exon1";98,953;191;191;0;1;7538;7726;191;1;4,48e-95;340
"66d760fd-8441-41ec-8d3a-bf9439c9d182";"DUX4_end";97,351;600;604;3;8;7348;7942;600;1;0;1014
"66d760fd-8441-41ec-8d3a-bf9439c9d182";"A_pLAM_4qA";98,34;241;241;4;0;16805;17045;241;1;4,2e-120;424
"66d760fd-8441-41ec-8d3a-bf9439c9d182";"c10_pLAM";96,68;241;241;8;0;16805;17045;241;1;1,97e-113;401
"66d760fd-8441-41ec-8d3a-bf9439c9d182";"c4_D4Z4";93,366;3298;407;9;13;17046;17440;1830;1430;5,06e-169;586
"66d760fd-8441-41ec-8d3a-bf9439c9d182";"c10_D4Z4";92,574;3310;404;12;13;17049;17440;1821;1424;2,37e-162;564
"68e0abdb-65f2-4950-aa4a-2dee4924e253";"c4_D4Z4";93,889;3298;360;12;9;35;390;354;1;8,65e-154;534
"68e0abdb-65f2-4950-aa4a-2dee4924e253";"c10_D4Z4";93,611;3310;360;13;9;35;390;354;1;4,02e-152;529
"68e0abdb-65f2-4950-aa4a-2dee4924e253";"c4_D4Z4";91,486;3298;3371;121;116;391;3668;3298;1;0;4482
"68e0abdb-65f2-4950-aa4a-2dee4924e253";"c10_D4Z4";90,718;3310;3383;136;120;391;3668;3310;1;0;4344
"68e0abdb-65f2-4950-aa4a-2dee4924e253";"c4_D4Z4";91,064;3298;2764;97;102;3669;6336;3298;589;0;3598
"68e0abdb-65f2-4950-aa4a-2dee4924e253";"c10_D4Z4";90,476;3310;2772;110;99;3669;6336;3310;589;0;3515
"68e0abdb-65f2-4950-aa4a-2dee4924e253";"A_D4F104S1_4qA";99,58;489;476;0;2;6347;6821;475;1;0;867
"68e0abdb-65f2-4950-aa4a-2dee4924e253";"B_D4F104S1_4qB";98,95;489;476;3;2;6347;6821;475;1;0;850
"68e0abdb-65f2-4950-aa4a-2dee4924e253";"c10_D4F104S1_10qA";96,849;489;476;13;2;6347;6821;475;1;0;795
"716a8891-6cd4-4a0f-a925-abea9210f09d";"A_pLAM_4qA";99,17;241;241;1;1;4166;4405;241;1;1,97e-123;433
"716a8891-6cd4-4a0f-a925-abea9210f09d";"c10_pLAM";97,51;241;241;5;1;4166;4405;241;1;9,22e-117;411
"716a8891-6cd4-4a0f-a925-abea9210f09d";"c4_D4Z4";97,11;3298;519;7;7;4406;4918;1830;1314;0;869
"716a8891-6cd4-4a0f-a925-abea9210f09d";"c10_D4Z4";96,311;3310;515;13;5;4409;4918;1821;1308;0;841
"7a9206f8-2ab2-4b2a-bd22-abd543c7e290";"CLUHP4_201_exon1";99,476;191;191;0;1;684;873;1;191;7,62e-97;346
"7a9206f8-2ab2-4b2a-bd22-abd543c7e290";"A_D4F104S1_4qA";87,8;489;500;24;28;2588;3062;1;488;1,51e-158;551
"7a9206f8-2ab2-4b2a-bd22-abd543c7e290";"B_D4F104S1_4qB";87,2;489;500;27;28;2588;3062;1;488;1,52e-153;534
"7a9206f8-2ab2-4b2a-bd22-abd543c7e290";"c10_D4F104S1_10qA";85,2;489;500;37;28;2588;3062;1;488;7,2e-137;479
"7a9206f8-2ab2-4b2a-bd22-abd543c7e290";"c4_D4Z4";86,762;3298;2795;150;174;3068;5730;592;3298;0;2909
"7a9206f8-2ab2-4b2a-bd22-abd543c7e290";"c10_D4Z4";86,453;3310;2805;152;180;3068;5730;592;3310;0;2865
"7a9206f8-2ab2-4b2a-bd22-abd543c7e290";"c4_D4Z4";85,349;3298;3399;245;193;5731;8977;1;3298;0;3284
"7a9206f8-2ab2-4b2a-bd22-abd543c7e290";"c10_D4Z4";84,776;3310;3409;258;193;5731;8977;1;3310;0;3179
"7a9206f8-2ab2-4b2a-bd22-abd543c7e290";"c4_D4Z4";83,842;3298;3113;177;232;8978;11870;1;3007;0;2662
"7a9206f8-2ab2-4b2a-bd22-abd543c7e290";"c10_D4Z4";83,821;3310;3109;186;222;8978;11870;1;3008;0;2662
"7a9206f8-2ab2-4b2a-bd22-abd543c7e290";"c4_D4Z4";86,174;3298;311;19;15;11824;12119;2991;3292;2,15e-87;315
"7a9206f8-2ab2-4b2a-bd22-abd543c7e290";"c10_D4Z4";85,256;3310;312;20;17;11825;12119;3002;3304;2,17e-82;298
"7a9206f8-2ab2-4b2a-bd22-abd543c7e290";"c4_D4Z4";87,963;3298;2243;103;123;12124;14236;1;2206;0;2492
"7a9206f8-2ab2-4b2a-bd22-abd543c7e290";"c10_D4Z4";87,314;3310;2215;101;129;12124;14204;1;2169;0;2368
"7aa580e3-1999-43bc-ada5-75ca3202b37f";"A_pLAM_4qA";98,755;241;241;3;0;2473;2713;241;1;6,66e-122;429
"7aa580e3-1999-43bc-ada5-75ca3202b37f";"c10_pLAM";97,095;241;241;7;0;2473;2713;241;1;3,12e-115;407
"7aa580e3-1999-43bc-ada5-75ca3202b37f";"c4_D4Z4";97,183;3298;1846;26;17;2714;4549;1830;1;0;3097
"7aa580e3-1999-43bc-ada5-75ca3202b37f";"c10_D4Z4";96,527;3310;1843;32;18;2717;4549;1821;1;0;3020
"7aa580e3-1999-43bc-ada5-75ca3202b37f";"c4_D4Z4";98,519;3298;3309;18;22;4550;7838;3298;1;0;5810
"7aa580e3-1999-43bc-ada5-75ca3202b37f";"c10_D4Z4";97,563;3310;3324;32;26;4550;7838;3310;1;0;5644
"7aa580e3-1999-43bc-ada5-75ca3202b37f";"c4_D4Z4";98,223;3298;3321;25;26;7839;11148;3298;1;0;5775
"7aa580e3-1999-43bc-ada5-75ca3202b37f";"c10_D4Z4";97,391;3310;3335;37;33;7839;11148;3310;1;0;5631
"7aa580e3-1999-43bc-ada5-75ca3202b37f";"c4_D4Z4";98,632;3298;1754;10;9;11149;12893;3298;1550;0;3094
"7aa580e3-1999-43bc-ada5-75ca3202b37f";"c10_D4Z4";97,291;3310;1772;16;9;11149;12893;3310;1544;0;2977
"7b34d22c-8bbb-4a2f-b7ed-68b08064078b";"CLUHP4_201_exon1";100;191;191;0;0;4883;5073;1;191;4,23e-99;353
"7b34d22c-8bbb-4a2f-b7ed-68b08064078b";"A_D4F104S1_4qA";99,592;489;490;1;1;6799;7288;1;489;0;893
"7b34d22c-8bbb-4a2f-b7ed-68b08064078b";"B_D4F104S1_4qB";98,98;489;490;4;1;6799;7288;1;489;0;876
"7b34d22c-8bbb-4a2f-b7ed-68b08064078b";"c10_D4F104S1_10qA";96,939;489;490;14;1;6799;7288;1;489;0;821
"7b34d22c-8bbb-4a2f-b7ed-68b08064078b";"c4_D4Z4";96,705;3298;2731;36;32;7291;9989;590;3298;0;4495
"7b34d22c-8bbb-4a2f-b7ed-68b08064078b";"c10_D4Z4";96,13;3310;2739;48;37;7291;9989;590;3310;0;4418
"7b34d22c-8bbb-4a2f-b7ed-68b08064078b";"c4_D4Z4";98,1;3298;3263;18;29;9990;13230;1;3241;0;5642
"7b34d22c-8bbb-4a2f-b7ed-68b08064078b";"c10_D4Z4";97,193;3310;3278;30;33;9990;13230;1;3253;0;5487
"7ff6b6aa-2989-414b-9312-de1d894caa2b";"DUX4_end";96,587;600;586;11;9;1150;1729;583;1;0;963
"7ff6b6aa-2989-414b-9312-de1d894caa2b";"A_pLAM_4qA";86,475;241;244;14;15;10508;10735;241;1;4,92e-68;250
"7ff6b6aa-2989-414b-9312-de1d894caa2b";"c10_pLAM";86,066;241;244;15;14;10508;10735;241;1;2,29e-66;244
"7ff6b6aa-2989-414b-9312-de1d894caa2b";"c4_D4Z4";91,958;3298;659;22;21;10742;11383;1821;1177;0;894
"7ff6b6aa-2989-414b-9312-de1d894caa2b";"c10_D4Z4";91,212;3310;660;25;22;10742;11383;1815;1171;0;867
"8d8d8609-75f9-42af-97ac-2238257a0adf";"CLUHP4_201_exon1";100;191;191;0;0;3428;3618;1;191;2,57e-99;353
"8d8d8609-75f9-42af-97ac-2238257a0adf";"A_D4F104S1_4qA";100;489;489;0;0;5349;5837;1;489;0;904
"8d8d8609-75f9-42af-97ac-2238257a0adf";"B_D4F104S1_4qB";99,387;489;489;3;0;5349;5837;1;489;0;887
"8d8d8609-75f9-42af-97ac-2238257a0adf";"c10_D4F104S1_10qA";97,342;489;489;13;0;5349;5837;1;489;0;832
"8d8d8609-75f9-42af-97ac-2238257a0adf";"c4_D4Z4";97,675;3298;2194;15;26;5840;8022;590;2758;0;3736
"8d8d8609-75f9-42af-97ac-2238257a0adf";"c10_D4Z4";97,221;3310;2195;24;23;5840;8022;590;2759;0;3681
"925597f6-e5b9-46df-8dbc-2fd4e8079067";"CLUHP4_201_exon1";98,953;191;191;2;0;4570;4760;1;191;1,27e-95;342
"925597f6-e5b9-46df-8dbc-2fd4e8079067";"A_D4F104S1_4qA";99,387;489;489;0;2;6495;6980;1;489;0;883
"925597f6-e5b9-46df-8dbc-2fd4e8079067";"B_D4F104S1_4qB";98,773;489;489;3;2;6495;6980;1;489;0;867
"925597f6-e5b9-46df-8dbc-2fd4e8079067";"c10_D4F104S1_10qA";96,728;489;489;13;2;6495;6980;1;489;0;811
"925597f6-e5b9-46df-8dbc-2fd4e8079067";"c4_D4Z4";95,739;3298;2746;49;53;6982;9695;589;3298;0;4361
"925597f6-e5b9-46df-8dbc-2fd4e8079067";"c10_D4Z4";95,102;3310;2756;59;55;6982;9695;589;3310;0;4272
"925597f6-e5b9-46df-8dbc-2fd4e8079067";"c4_D4Z4";98,913;3298;368;2;2;9696;10062;1;367;0;656
"925597f6-e5b9-46df-8dbc-2fd4e8079067";"c10_D4Z4";98,641;3310;368;3;2;9696;10062;1;367;0;651
"9586e1a5-6a2b-415a-a18e-450fc1eb0ead";"CLUHP4_201_exon1";98,964;191;193;0;2;15701;15893;1;191;3,63e-96;344
"9586e1a5-6a2b-415a-a18e-450fc1eb0ead";"A_D4F104S1_4qA";99,388;489;490;0;3;17612;18099;1;489;0;885
"9586e1a5-6a2b-415a-a18e-450fc1eb0ead";"B_D4F104S1_4qB";98,776;489;490;3;3;17612;18099;1;489;0;869
"9586e1a5-6a2b-415a-a18e-450fc1eb0ead";"c10_D4F104S1_10qA";96,735;489;490;13;3;17612;18099;1;489;0;813
"9586e1a5-6a2b-415a-a18e-450fc1eb0ead";"c10_D4Z4";98,358;3310;731;5;6;18102;18825;590;1320;0;1277
"9586e1a5-6a2b-415a-a18e-450fc1eb0ead";"c4_D4Z4";97,558;3298;737;5;7;18102;18825;590;1326;0;1249
"ad0c7a19-5141-4654-b199-cabf01f1f8e7";"c10_D4Z4";97,364;3310;2200;25;18;37;2218;2185;1;0;3711
"ad0c7a19-5141-4654-b199-cabf01f1f8e7";"c4_D4Z4";98,222;3298;2193;16;16;40;2218;2184;1;0;3812
"ad0c7a19-5141-4654-b199-cabf01f1f8e7";"c4_D4Z4";96,254;3298;2723;45;41;2219;4898;3298;590;0;4410
"ad0c7a19-5141-4654-b199-cabf01f1f8e7";"c10_D4Z4";95,294;3310;2741;48;49;2219;4898;3310;590;0;4272
"ad0c7a19-5141-4654-b199-cabf01f1f8e7";"A_D4F104S1_4qA";98,377;489;493;0;6;4901;5389;489;1;0;859
"ad0c7a19-5141-4654-b199-cabf01f1f8e7";"B_D4F104S1_4qB";97,769;489;493;3;6;4901;5389;489;1;0;843
"ad0c7a19-5141-4654-b199-cabf01f1f8e7";"c10_D4F104S1_10qA";95,74;489;493;13;6;4901;5389;489;1;0;787
"ad0f9ec6-7124-408a-a042-1e838f5377ab";"CLUHP4_201_exon1";100;191;173;0;0;8254;8426;1;173;5,86e-89;320
"ad0f9ec6-7124-408a-a042-1e838f5377ab";"A_D4F104S1_4qA";96,97;489;495;3;8;10166;10654;1;489;0;821
"ad0f9ec6-7124-408a-a042-1e838f5377ab";"B_D4F104S1_4qB";96,364;489;495;6;8;10166;10654;1;489;0;804
"ad0f9ec6-7124-408a-a042-1e838f5377ab";"c10_D4F104S1_10qA";94,343;489;495;16;7;10166;10654;1;489;0;749
"ad0f9ec6-7124-408a-a042-1e838f5377ab";"c4_D4Z4";94,804;3298;2752;58;59;10657;13366;590;3298;0;4211
"ad0f9ec6-7124-408a-a042-1e838f5377ab";"c10_D4Z4";94,171;3310;2762;68;64;10657;13366;590;3310;0;4122
"ad0f9ec6-7124-408a-a042-1e838f5377ab";"c4_D4Z4";94,332;3298;3352;72;85;13367;16654;1;3298;0;5029
"ad0f9ec6-7124-408a-a042-1e838f5377ab";"c10_D4Z4";93,466;3310;3367;84;88;13367;16654;1;3310;0;4874
"ad0f9ec6-7124-408a-a042-1e838f5377ab";"c4_D4Z4";95,91;3298;1418;14;35;16655;18039;1;1407;0;2257
"ad0f9ec6-7124-408a-a042-1e838f5377ab";"c10_D4Z4";95,346;3310;1418;16;36;16655;18039;1;1401;0;2207
"b10f1818-f5c2-45a6-90ce-b55520f675f4";"c4_D4Z4";96,459;3298;706;11;11;38;734;2598;3298;0;1153
"b10f1818-f5c2-45a6-90ce-b55520f675f4";"c10_D4Z4";94,7;3310;717;13;17;38;734;2599;3310;0;1090
"b10f1818-f5c2-45a6-90ce-b55520f675f4";"c4_D4Z4";96,846;3298;3329;37;49;735;4026;1;3298;0;5504
"b10f1818-f5c2-45a6-90ce-b55520f675f4";"c10_D4Z4";95,902;3310;3343;53;48;735;4026;1;3310;0;5337
"b10f1818-f5c2-45a6-90ce-b55520f675f4";"c4_D4Z4";96,872;3298;1854;23;31;4027;5860;1;1839;0;3070
"b10f1818-f5c2-45a6-90ce-b55520f675f4";"c10_D4Z4";96,17;3310;1854;30;32;4027;5860;1;1833;0;2992
"b10f1818-f5c2-45a6-90ce-b55520f675f4";"A_pLAM_4qA";96;241;225;3;5;5865;6084;18;241;1,94e-101;361
"b10f1818-f5c2-45a6-90ce-b55520f675f4";"c10_pLAM";94,222;241;225;7;5;5865;6084;18;241;9,08e-95;339
"b4356aa8-1e21-4fff-9dc4-f809efd2a0c4";"c4_D4Z4";97,133;3298;1953;21;24;38;1970;1361;3298;0;3264
"b4356aa8-1e21-4fff-9dc4-f809efd2a0c4";"c10_D4Z4";96,234;3310;1965;33;29;38;1970;1355;3310;0;3181
"b4356aa8-1e21-4fff-9dc4-f809efd2a0c4";"c4_D4Z4";98,799;3298;1832;11;8;1971;3793;1;1830;0;3251
"b4356aa8-1e21-4fff-9dc4-f809efd2a0c4";"c10_D4Z4";98,141;3310;1829;17;9;1971;3790;1;1821;0;3173
"b4356aa8-1e21-4fff-9dc4-f809efd2a0c4";"A_pLAM_4qA";98,739;241;238;3;0;3796;4033;4;241;3,28e-120;424
"b4356aa8-1e21-4fff-9dc4-f809efd2a0c4";"c10_pLAM";97,059;241;238;7;0;3796;4033;4;241;1,54e-113;401
"b4356aa8-1e21-4fff-9dc4-f809efd2a0c4";"DUX4_end";99,007;600;604;0;3;12941;13542;1;600;0;1077
"b950a570-99a9-4bed-8299-9b523befe521";"CLUHP4_201_exon1";98,429;191;191;0;2;6921;7108;1;191;4,61e-93;333
"b950a570-99a9-4bed-8299-9b523befe521";"A_D4F104S1_4qA";98,367;489;490;0;4;8838;9320;1;489;0;854
"b950a570-99a9-4bed-8299-9b523befe521";"B_D4F104S1_4qB";97,755;489;490;3;4;8838;9320;1;489;0;837
"b950a570-99a9-4bed-8299-9b523befe521";"c10_D4F104S1_10qA";95,714;489;490;13;4;8838;9320;1;489;0;782
"b950a570-99a9-4bed-8299-9b523befe521";"c4_D4Z4";93,775;3298;1767;45;45;9323;11042;590;2338;0;2593
"b950a570-99a9-4bed-8299-9b523befe521";"c10_D4Z4";93,612;3310;1769;45;49;9323;11042;590;2339;0;2579
"bb624c3d-d2cc-461d-82bd-caecfbd5bb04";"CLUHP4_201_exon1";98,958;191;192;0;2;6585;6775;1;191;6,67e-96;342
"bb624c3d-d2cc-461d-82bd-caecfbd5bb04";"A_D4F104S1_4qA";97,98;489;495;2;5;8514;9006;1;489;0;852
"bb624c3d-d2cc-461d-82bd-caecfbd5bb04";"B_D4F104S1_4qB";97,374;489;495;5;5;8514;9006;1;489;0;835
"bb624c3d-d2cc-461d-82bd-caecfbd5bb04";"c10_D4F104S1_10qA";95,354;489;495;15;5;8514;9006;1;489;0;780
"bb624c3d-d2cc-461d-82bd-caecfbd5bb04";"c10_D4Z4";96,388;3310;609;17;3;9006;9609;589;1197;0;998
"bb624c3d-d2cc-461d-82bd-caecfbd5bb04";"c4_D4Z4";95,447;3298;615;17;4;9006;9609;589;1203;0;970
"bcb72937-0255-40d5-b891-6d2eb4381c46";"c4_D4Z4";93,627;3298;659;16;19;52;696;1184;1830;0;961
"bcb72937-0255-40d5-b891-6d2eb4381c46";"c10_D4Z4";92,835;3310;656;21;19;52;693;1178;1821;0;928
"bcb72937-0255-40d5-b891-6d2eb4381c46";"A_pLAM_4qA";96,266;241;241;3;6;697;934;1;238;2,79e-110;390
"bcb72937-0255-40d5-b891-6d2eb4381c46";"c10_pLAM";93,776;241;241;9;6;697;934;1;238;2,83e-100;357
"bcb72937-0255-40d5-b891-6d2eb4381c46";"DUX4_end";95,881;600;607;13;8;9716;10317;1;600;0;972
"c82ead8c-7319-4b0b-9db0-d517cc2d283b";"DUX4_end";100;600;600;0;0;134;733;600;1;0;1109
"c82ead8c-7319-4b0b-9db0-d517cc2d283b";"A_pLAM_4qA";98,76;241;242;1;2;9629;9869;241;1;8,23e-122;429
"c82ead8c-7319-4b0b-9db0-d517cc2d283b";"c10_pLAM";97,107;241;242;5;2;9629;9869;241;1;3,85e-115;407
"c82ead8c-7319-4b0b-9db0-d517cc2d283b";"c4_D4Z4";98,532;3298;1839;9;14;9870;11699;1830;1;0;3230
"c82ead8c-7319-4b0b-9db0-d517cc2d283b";"c10_D4Z4";97,876;3310;1836;15;15;9873;11699;1821;1;0;3153
"c82ead8c-7319-4b0b-9db0-d517cc2d283b";"c4_D4Z4";97,767;3298;3314;25;32;11700;14980;3298;1;0;5664
"c82ead8c-7319-4b0b-9db0-d517cc2d283b";"c10_D4Z4";96,906;3310;3329;36;33;11700;14980;3310;1;0;5515
"c82ead8c-7319-4b0b-9db0-d517cc2d283b";"c4_D4Z4";97,566;3298;945;7;11;14981;15911;3298;2356;0;1604
"c82ead8c-7319-4b0b-9db0-d517cc2d283b";"c10_D4Z4";96,025;3310;956;11;12;14981;15911;3310;2357;0;1530
"cb5bc5a1-fdde-4054-aac3-2722f159220d";"c10_D4Z4";84,396;3310;2275;159;141;65;2238;2183;4;0;2054
"cb5bc5a1-fdde-4054-aac3-2722f159220d";"c4_D4Z4";85,172;3298;2266;153;137;68;2238;2181;4;0;2154
"cb5bc5a1-fdde-4054-aac3-2722f159220d";"c4_D4Z4";87,611;3298;3382;200;164;2262;5536;3272;3;0;3722
"cb5bc5a1-fdde-4054-aac3-2722f159220d";"c10_D4Z4";86,981;3310;3395;209;168;2262;5536;3284;3;0;3605
"cb5bc5a1-fdde-4054-aac3-2722f159220d";"c4_D4Z4";87,142;3298;3352;177;181;5576;8775;3250;1;0;3568
"cb5bc5a1-fdde-4054-aac3-2722f159220d";"c10_D4Z4";86,453;3310;3366;186;188;5576;8775;3262;1;0;3441
"cb5bc5a1-fdde-4054-aac3-2722f159220d";"c4_D4Z4";85,653;3298;2781;156;165;8776;11385;3298;590;0;2700
"cb5bc5a1-fdde-4054-aac3-2722f159220d";"c10_D4Z4";85,294;3310;2788;165;168;8776;11385;3310;590;0;2651
"cb5bc5a1-fdde-4054-aac3-2722f159220d";"A_D4F104S1_4qA";87,945;489;506;22;26;11388;11871;489;1;2,53e-161;560
"cb5bc5a1-fdde-4054-aac3-2722f159220d";"B_D4F104S1_4qB";87,352;489;506;25;27;11388;11871;489;1;2,55e-156;544
"cb5bc5a1-fdde-4054-aac3-2722f159220d";"c10_D4F104S1_10qA";86,166;489;506;31;28;11388;11871;489;1;2,59e-146;510
"cb5bc5a1-fdde-4054-aac3-2722f159220d";"CLUHP4_201_exon1";98,438;191;192;1;2;13560;13750;191;1;4,64e-94;337
"cd7aaaf6-a7bb-468c-a181-1130ac2e85a4";"c4_D4Z4";98,485;3298;858;2;8;31;883;852;1;0;1502
"cd7aaaf6-a7bb-468c-a181-1130ac2e85a4";"c10_D4Z4";98,368;3310;858;3;8;31;883;852;1;0;1496
"cd7aaaf6-a7bb-468c-a181-1130ac2e85a4";"c4_D4Z4";98,202;3298;2725;17;21;884;3592;3298;590;0;4732
"cd7aaaf6-a7bb-468c-a181-1130ac2e85a4";"c10_D4Z4";97,37;3310;2738;26;21;884;3592;3310;590;0;4615
"cd7aaaf6-a7bb-468c-a181-1130ac2e85a4";"A_D4F104S1_4qA";100;489;489;0;0;3595;4083;489;1;0;904
"cd7aaaf6-a7bb-468c-a181-1130ac2e85a4";"B_D4F104S1_4qB";99,387;489;489;3;0;3595;4083;489;1;0;887
"cd7aaaf6-a7bb-468c-a181-1130ac2e85a4";"c10_D4F104S1_10qA";97,342;489;489;13;0;3595;4083;489;1;0;832
"cd7aaaf6-a7bb-468c-a181-1130ac2e85a4";"CLUHP4_201_exon1";100;191;191;0;0;5820;6010;191;1;4,08e-99;353
"dbd5cd93-e549-4482-8500-02efc3aee1d1";"CLUHP4_201_exon1";98,429;191;191;2;1;8022;8211;1;191;3,03e-93;335
"dbd5cd93-e549-4482-8500-02efc3aee1d1";"A_D4F104S1_4qA";99,591;489;489;2;0;9939;10427;1;489;0;893
"dbd5cd93-e549-4482-8500-02efc3aee1d1";"B_D4F104S1_4qB";98,978;489;489;5;0;9939;10427;1;489;0;876
"dbd5cd93-e549-4482-8500-02efc3aee1d1";"c10_D4F104S1_10qA";96,933;489;489;15;0;9939;10427;1;489;0;821
"dbd5cd93-e549-4482-8500-02efc3aee1d1";"c4_D4Z4";97,177;3298;2728;28;31;10430;13127;590;3298;0;4566
"dbd5cd93-e549-4482-8500-02efc3aee1d1";"c10_D4Z4";96,46;3310;2740;36;37;10430;13127;590;3310;0;4466
"dbd5cd93-e549-4482-8500-02efc3aee1d1";"c4_D4Z4";98,718;3298;156;1;1;13128;13282;1;156;1,86e-75;276
"dbd5cd93-e549-4482-8500-02efc3aee1d1";"c10_D4Z4";98,077;3310;156;2;1;13128;13282;1;156;8,66e-74;270
"de859287-7ffb-44ea-a068-19131c2abd1d";"c4_D4Z4";98,343;3298;181;2;1;38;218;3119;3298;2,84e-88;316
"de859287-7ffb-44ea-a068-19131c2abd1d";"c10_D4Z4";97,238;3310;181;4;1;38;218;3131;3310;6,15e-85;305
"de859287-7ffb-44ea-a068-19131c2abd1d";"c4_D4Z4";97,771;3298;1839;15;17;219;2040;1;1830;0;3145
"de859287-7ffb-44ea-a068-19131c2abd1d";"c10_D4Z4";97,113;3310;1836;21;18;219;2037;1;1821;0;3068
"de859287-7ffb-44ea-a068-19131c2abd1d";"A_pLAM_4qA";96,694;241;242;1;5;2041;2276;1;241;3,55e-112;396
"de859287-7ffb-44ea-a068-19131c2abd1d";"c10_pLAM";95,455;241;242;4;5;2041;2276;1;241;3,57e-107;379
"dfbcd173-85a8-4b2a-b6d2-907168ae664b";"c4_D4Z4";98,025;3298;405;4;4;38;442;1430;1830;0;701
"dfbcd173-85a8-4b2a-b6d2-907168ae664b";"c10_D4Z4";97,264;3310;402;7;4;38;439;1424;1821;0;678
"dfbcd173-85a8-4b2a-b6d2-907168ae664b";"A_pLAM_4qA";98,765;241;243;1;2;443;685;1;241;2,52e-122;431
"dfbcd173-85a8-4b2a-b6d2-907168ae664b";"c10_pLAM";97,119;241;243;5;2;443;685;1;241;1,18e-115;409
"dfbcd173-85a8-4b2a-b6d2-907168ae664b";"DUX4_end";98,497;600;599;2;4;9579;10172;1;597;0;1050
"e036a014-e771-4d64-bbe7-46ac856ab4e9";"A_D4F104S1_4qA";98,571;489;490;2;4;1479;1964;1;489;0;861
"e036a014-e771-4d64-bbe7-46ac856ab4e9";"B_D4F104S1_4qB";97,959;489;490;5;4;1479;1964;1;489;0;845
"e036a014-e771-4d64-bbe7-46ac856ab4e9";"c10_D4F104S1_10qA";95,918;489;490;15;4;1479;1964;1;489;0;789
"e036a014-e771-4d64-bbe7-46ac856ab4e9";"c4_D4Z4";94,934;3298;2724;56;56;1967;4623;590;3298;0;4191
"e036a014-e771-4d64-bbe7-46ac856ab4e9";"c10_D4Z4";94,619;3310;2732;61;57;1967;4623;590;3310;0;4152
"e036a014-e771-4d64-bbe7-46ac856ab4e9";"c4_D4Z4";95,395;3298;999;7;19;4624;5594;1;988;0;1554
"e036a014-e771-4d64-bbe7-46ac856ab4e9";"c10_D4Z4";95,295;3310;999;8;19;4624;5594;1;988;0;1548
"e5067e30-4846-42ae-8610-9722b3d3e634";"A_pLAM_4qA";90,377;241;239;9;8;4156;4381;241;4;1,24e-83;302
"e5067e30-4846-42ae-8610-9722b3d3e634";"c10_pLAM";88,703;241;239;13;8;4156;4381;241;4;5,8e-77;279
"e5067e30-4846-42ae-8610-9722b3d3e634";"c4_D4Z4";95,612;3298;1846;38;33;4384;6202;1830;1;0;2920
"e5067e30-4846-42ae-8610-9722b3d3e634";"c10_D4Z4";94,954;3310;1843;44;34;4387;6202;1821;1;0;2843
"e5067e30-4846-42ae-8610-9722b3d3e634";"c4_D4Z4";97,864;3298;3324;15;38;6206;9502;3295;1;0;5694
"e5067e30-4846-42ae-8610-9722b3d3e634";"c10_D4Z4";96,943;3310;3337;32;39;6206;9502;3307;1;0;5533
"e5067e30-4846-42ae-8610-9722b3d3e634";"c4_D4Z4";98,157;3298;1031;7;11;9503;10526;3298;2273;0;1788
"e5067e30-4846-42ae-8610-9722b3d3e634";"c10_D4Z4";96,641;3310;1042;12;13;9503;10526;3310;2274;0;1709
"e749114b-7e2b-4b0b-b8a0-d3e61d1ada04";"CLUHP4_201_exon1";95,833;191;192;4;3;3025;3213;1;191;2,71e-85;307
"e749114b-7e2b-4b0b-b8a0-d3e61d1ada04";"A_D4F104S1_4qA";97,561;489;492;2;8;4949;5433;1;489;0;833
"e749114b-7e2b-4b0b-b8a0-d3e61d1ada04";"B_D4F104S1_4qB";96,951;489;492;5;8;4949;5433;1;489;0;817
"e749114b-7e2b-4b0b-b8a0-d3e61d1ada04";"c10_D4F104S1_10qA";94,919;489;492;15;8;4949;5433;1;489;0;761
"e749114b-7e2b-4b0b-b8a0-d3e61d1ada04";"c4_D4Z4";97,329;3298;2733;26;37;5436;8145;590;3298;0;4599
"e749114b-7e2b-4b0b-b8a0-d3e61d1ada04";"c10_D4Z4";96,54;3310;2746;34;40;5436;8145;590;3310;0;4488
"e749114b-7e2b-4b0b-b8a0-d3e61d1ada04";"c4_D4Z4";95,714;3298;2590;42;49;8146;10696;1;2560;0;4104
"e749114b-7e2b-4b0b-b8a0-d3e61d1ada04";"c10_D4Z4";95,069;3310;2596;48;53;8146;10696;1;2561;0;4012
"ec189e7b-33de-4967-8ab4-d73971b38df9";"c4_D4Z4";95,591;3298;1066;18;27;31;1085;783;1830;0;1681
"ec189e7b-33de-4967-8ab4-d73971b38df9";"c10_D4Z4";94,638;3310;1063;22;28;31;1082;783;1821;0;1615
"ec189e7b-33de-4967-8ab4-d73971b38df9";"A_pLAM_4qA";93,443;241;244;7;6;1086;1323;1;241;4,6e-99;353
"ec189e7b-33de-4967-8ab4-d73971b38df9";"c10_pLAM";92,213;241;244;10;6;1086;1323;1;241;4,63e-94;337
"ec189e7b-33de-4967-8ab4-d73971b38df9";"DUX4_end";95,695;600;604;13;12;10216;10810;1;600;0;959
"ec9090b6-ccca-4334-ab45-0f2700437218";"CLUHP4_201_exon1";100;191;191;0;0;6190;6380;1;191;2,73e-99;353
"ec9090b6-ccca-4334-ab45-0f2700437218";"A_D4F104S1_4qA";99,507;489;406;1;1;8112;8517;1;405;0;737
"ec9090b6-ccca-4334-ab45-0f2700437218";"B_D4F104S1_4qB";99,015;489;406;3;1;8112;8517;1;405;0;726
"ec9090b6-ccca-4334-ab45-0f2700437218";"c10_D4F104S1_10qA";96,798;489;406;12;1;8112;8517;1;405;0;676
"ed957137-3dbe-485e-90db-f613c3b362e5";"DUX4_end";99,336;600;602;1;3;1425;2025;600;1;0;1086
"ed957137-3dbe-485e-90db-f613c3b362e5";"A_pLAM_4qA";99,17;241;241;2;0;10929;11169;241;1;1,37e-123;435
"ed957137-3dbe-485e-90db-f613c3b362e5";"c10_pLAM";97,51;241;241;6;0;10929;11169;241;1;6,41e-117;412
"ed957137-3dbe-485e-90db-f613c3b362e5";"c4_D4Z4";98,689;3298;1144;8;3;11170;12306;1830;687;0;2023
"ed957137-3dbe-485e-90db-f613c3b362e5";"c10_D4Z4";97,721;3310;1141;13;4;11173;12306;1821;687;0;1951
"ee174e45-e5c8-4b4e-bdfd-7d0cea7f9f6e";"A_pLAM_4qA";97,51;241;241;4;2;4533;4771;241;1;1,27e-116;411
"ee174e45-e5c8-4b4e-bdfd-7d0cea7f9f6e";"c10_pLAM";96,266;241;241;7;1;4533;4771;241;1;1,28e-111;394
"ee174e45-e5c8-4b4e-bdfd-7d0cea7f9f6e";"c4_D4Z4";99,018;3298;1833;11;6;4772;6600;1830;1;0;3278
"ee174e45-e5c8-4b4e-bdfd-7d0cea7f9f6e";"c10_D4Z4";98,361;3310;1830;17;9;4775;6600;1821;1;0;3201
"ee174e45-e5c8-4b4e-bdfd-7d0cea7f9f6e";"c4_D4Z4";98,333;3298;180;1;1;6602;6779;3298;3119;1,02e-87;315
"ee174e45-e5c8-4b4e-bdfd-7d0cea7f9f6e";"c10_D4Z4";97,222;3310;180;3;1;6602;6779;3310;3131;2,22e-84;303
"f2013ff3-6921-46e2-ba5b-70388ee0664a";"CLUHP4_201_exon1";100;191;191;0;0;11410;11600;1;191;6,52e-99;353
"f2013ff3-6921-46e2-ba5b-70388ee0664a";"A_D4F104S1_4qA";97,571;489;494;4;7;13336;13826;1;489;0;839
"f2013ff3-6921-46e2-ba5b-70388ee0664a";"B_D4F104S1_4qB";96,964;489;494;7;7;13336;13826;1;489;0;822
"f2013ff3-6921-46e2-ba5b-70388ee0664a";"c10_D4F104S1_10qA";94,939;489;494;17;7;13336;13826;1;489;0;767
"f2013ff3-6921-46e2-ba5b-70388ee0664a";"c4_D4Z4";95,521;3298;2746;49;53;13829;16537;590;3298;0;4322
"f2013ff3-6921-46e2-ba5b-70388ee0664a";"c10_D4Z4";95,064;3310;2755;56;50;13829;16537;590;3310;0;4261
"f2013ff3-6921-46e2-ba5b-70388ee0664a";"c4_D4Z4";96,997;3298;3330;34;49;16538;19833;1;3298;0;5535
"f2013ff3-6921-46e2-ba5b-70388ee0664a";"c10_D4Z4";96,143;3310;3345;45;54;16538;19833;1;3310;0;5385
"f2013ff3-6921-46e2-ba5b-70388ee0664a";"c4_D4Z4";96,377;3298;552;5;14;19834;20377;1;545;0;894
"f2013ff3-6921-46e2-ba5b-70388ee0664a";"c10_D4Z4";96,196;3310;552;6;14;19834;20377;1;545;0;889
"f74542e5-3956-4a6e-8b1e-f5c5a3688a02";"c4_D4Z4";97,183;3298;213;1;3;37;246;211;1;1e-99;355
"f74542e5-3956-4a6e-8b1e-f5c5a3688a02";"c10_D4Z4";96,714;3310;213;2;3;37;246;211;1;4,66e-98;350
"f74542e5-3956-4a6e-8b1e-f5c5a3688a02";"c4_D4Z4";97,417;3298;3329;28;44;247;3548;3298;1;0;5618
"f74542e5-3956-4a6e-8b1e-f5c5a3688a02";"c10_D4Z4";96,356;3310;3348;38;46;247;3548;3310;1;0;5430
"f74542e5-3956-4a6e-8b1e-f5c5a3688a02";"c4_D4Z4";97,474;3298;3326;28;46;3549;6846;3298;1;0;5626
"f74542e5-3956-4a6e-8b1e-f5c5a3688a02";"c10_D4Z4";96,618;3310;3341;39;47;3549;6846;3310;1;0;5476
"f74542e5-3956-4a6e-8b1e-f5c5a3688a02";"c4_D4Z4";96,682;3298;2743;34;39;6847;9566;3298;590;0;4508
"f74542e5-3956-4a6e-8b1e-f5c5a3688a02";"c10_D4Z4";95,936;3310;2756;41;44;6847;9566;3310;590;0;4403
"f74542e5-3956-4a6e-8b1e-f5c5a3688a02";"A_D4F104S1_4qA";98,98;489;490;0;5;9569;10054;489;1;0;872
"f74542e5-3956-4a6e-8b1e-f5c5a3688a02";"B_D4F104S1_4qB";98,367;489;490;3;5;9569;10054;489;1;0;856
"f74542e5-3956-4a6e-8b1e-f5c5a3688a02";"c10_D4F104S1_10qA";96,327;489;490;13;5;9569;10054;489;1;0;800
"fa90d9f6-f265-4758-b9b5-4ccb4b051aaf";"c4_D4Z4";98,099;3298;2262;21;13;36;2289;1051;3298;0;3919
"fa90d9f6-f265-4758-b9b5-4ccb4b051aaf";"c10_D4Z4";96,843;3310;2281;30;15;36;2289;1045;3310;0;3775
"fa90d9f6-f265-4758-b9b5-4ccb4b051aaf";"c4_D4Z4";98,343;3298;3320;14;27;2290;5590;1;3298;0;5788
"fa90d9f6-f265-4758-b9b5-4ccb4b051aaf";"c10_D4Z4";97,243;3310;3337;29;31;2290;5590;1;3310;0;5594
"fa90d9f6-f265-4758-b9b5-4ccb4b051aaf";"c4_D4Z4";97,251;3298;3310;30;45;5591;8851;1;3298;0;5552
"fa90d9f6-f265-4758-b9b5-4ccb4b051aaf";"c10_D4Z4";96,361;3310;3325;42;42;5591;8851;1;3310;0;5397
"fa90d9f6-f265-4758-b9b5-4ccb4b051aaf";"c4_D4Z4";98,099;3298;1841;14;17;8852;10682;1;1830;0;3186
"fa90d9f6-f265-4758-b9b5-4ccb4b051aaf";"c10_D4Z4";97,497;3310;1838;19;18;8852;10679;1;1821;0;3114
"fa90d9f6-f265-4758-b9b5-4ccb4b051aaf";"A_pLAM_4qA";99,17;241;241;2;0;10683;10923;1;241;2,09e-123;435
"fa90d9f6-f265-4758-b9b5-4ccb4b051aaf";"c10_pLAM";97,51;241;241;6;0;10683;10923;1;241;9,82e-117;412
"fffe082c-2afb-4641-aed4-fd824597d339";"c4_D4Z4";98,581;3298;916;4;8;38;946;914;1;0;1611
"fffe082c-2afb-4641-aed4-fd824597d339";"c10_D4Z4";98,472;3310;916;5;8;38;946;914;1;0;1605
"fffe082c-2afb-4641-aed4-fd824597d339";"c4_D4Z4";95,013;3298;3349;50;73;947;4229;3298;1;0;5151
"fffe082c-2afb-4641-aed4-fd824597d339";"c10_D4Z4";94,118;3310;3366;59;81;947;4229;3310;1;0;4990
"fffe082c-2afb-4641-aed4-fd824597d339";"c4_D4Z4";97,591;3298;3321;29;40;4230;7522;3298;1;0;5642
"fffe082c-2afb-4641-aed4-fd824597d339";"c10_D4Z4";96,616;3310;3339;38;43;4230;7522;3310;1;0;5470
"fffe082c-2afb-4641-aed4-fd824597d339";"c4_D4Z4";97,526;3298;3314;37;36;7523;10807;3298;1;0;5624
"fffe082c-2afb-4641-aed4-fd824597d339";"c10_D4Z4";96,695;3310;3328;49;37;7523;10807;3310;1;0;5480
"fffe082c-2afb-4641-aed4-fd824597d339";"c4_D4Z4";96,769;3298;2724;36;39;10808;13494;3298;590;0;4495
"fffe082c-2afb-4641-aed4-fd824597d339";"c10_D4Z4";96,016;3310;2736;45;40;10808;13494;3310;590;0;4390
"fffe082c-2afb-4641-aed4-fd824597d339";"A_D4F104S1_4qA";97,984;489;496;3;4;13497;13992;489;1;0;854
"fffe082c-2afb-4641-aed4-fd824597d339";"B_D4F104S1_4qB";97,379;489;496;6;4;13497;13992;489;1;0;837
"fffe082c-2afb-4641-aed4-fd824597d339";"c10_D4F104S1_10qA";95,363;489;496;16;4;13497;13992;489;1;0;782
